-- MySQL dump 10.13  Distrib 8.0.31, for Win64 (x86_64)
--
-- Host: containers-us-west-131.railway.app    Database: railway
-- ------------------------------------------------------
-- Server version	8.0.33

/*!40101 SET @OLD_CHARACTER_SET_CLIENT=@@CHARACTER_SET_CLIENT */;
/*!40101 SET @OLD_CHARACTER_SET_RESULTS=@@CHARACTER_SET_RESULTS */;
/*!40101 SET @OLD_COLLATION_CONNECTION=@@COLLATION_CONNECTION */;
/*!50503 SET NAMES utf8mb4 */;
/*!40103 SET @OLD_TIME_ZONE=@@TIME_ZONE */;
/*!40103 SET TIME_ZONE='+00:00' */;
/*!40014 SET @OLD_UNIQUE_CHECKS=@@UNIQUE_CHECKS, UNIQUE_CHECKS=0 */;
/*!40014 SET @OLD_FOREIGN_KEY_CHECKS=@@FOREIGN_KEY_CHECKS, FOREIGN_KEY_CHECKS=0 */;
/*!40101 SET @OLD_SQL_MODE=@@SQL_MODE, SQL_MODE='NO_AUTO_VALUE_ON_ZERO' */;
/*!40111 SET @OLD_SQL_NOTES=@@SQL_NOTES, SQL_NOTES=0 */;

--
-- Table structure for table `account_emailaddress`
--

DROP TABLE IF EXISTS `account_emailaddress`;
/*!40101 SET @saved_cs_client     = @@character_set_client */;
/*!50503 SET character_set_client = utf8mb4 */;
CREATE TABLE `account_emailaddress` (
  `id` int NOT NULL AUTO_INCREMENT,
  `email` varchar(254) NOT NULL,
  `verified` tinyint(1) NOT NULL,
  `primary` tinyint(1) NOT NULL,
  `user_id` int NOT NULL,
  PRIMARY KEY (`id`),
  UNIQUE KEY `email` (`email`),
  KEY `account_emailaddress_user_id_2c513194_fk_auth_user_id` (`user_id`),
  CONSTRAINT `account_emailaddress_user_id_2c513194_fk_auth_user_id` FOREIGN KEY (`user_id`) REFERENCES `auth_user` (`id`)
) ENGINE=InnoDB DEFAULT CHARSET=utf8mb4 COLLATE=utf8mb4_0900_ai_ci;
/*!40101 SET character_set_client = @saved_cs_client */;

--
-- Dumping data for table `account_emailaddress`
--

LOCK TABLES `account_emailaddress` WRITE;
/*!40000 ALTER TABLE `account_emailaddress` DISABLE KEYS */;
/*!40000 ALTER TABLE `account_emailaddress` ENABLE KEYS */;
UNLOCK TABLES;

--
-- Table structure for table `account_emailconfirmation`
--

DROP TABLE IF EXISTS `account_emailconfirmation`;
/*!40101 SET @saved_cs_client     = @@character_set_client */;
/*!50503 SET character_set_client = utf8mb4 */;
CREATE TABLE `account_emailconfirmation` (
  `id` int NOT NULL AUTO_INCREMENT,
  `created` datetime(6) NOT NULL,
  `sent` datetime(6) DEFAULT NULL,
  `key` varchar(64) NOT NULL,
  `email_address_id` int NOT NULL,
  PRIMARY KEY (`id`),
  UNIQUE KEY `key` (`key`),
  KEY `account_emailconfirm_email_address_id_5b7f8c58_fk_account_e` (`email_address_id`),
  CONSTRAINT `account_emailconfirm_email_address_id_5b7f8c58_fk_account_e` FOREIGN KEY (`email_address_id`) REFERENCES `account_emailaddress` (`id`)
) ENGINE=InnoDB DEFAULT CHARSET=utf8mb4 COLLATE=utf8mb4_0900_ai_ci;
/*!40101 SET character_set_client = @saved_cs_client */;

--
-- Dumping data for table `account_emailconfirmation`
--

LOCK TABLES `account_emailconfirmation` WRITE;
/*!40000 ALTER TABLE `account_emailconfirmation` DISABLE KEYS */;
/*!40000 ALTER TABLE `account_emailconfirmation` ENABLE KEYS */;
UNLOCK TABLES;

--
-- Table structure for table `auth_group`
--

DROP TABLE IF EXISTS `auth_group`;
/*!40101 SET @saved_cs_client     = @@character_set_client */;
/*!50503 SET character_set_client = utf8mb4 */;
CREATE TABLE `auth_group` (
  `id` int NOT NULL AUTO_INCREMENT,
  `name` varchar(150) NOT NULL,
  PRIMARY KEY (`id`),
  UNIQUE KEY `name` (`name`)
) ENGINE=InnoDB DEFAULT CHARSET=utf8mb4 COLLATE=utf8mb4_0900_ai_ci;
/*!40101 SET character_set_client = @saved_cs_client */;

--
-- Dumping data for table `auth_group`
--

LOCK TABLES `auth_group` WRITE;
/*!40000 ALTER TABLE `auth_group` DISABLE KEYS */;
/*!40000 ALTER TABLE `auth_group` ENABLE KEYS */;
UNLOCK TABLES;

--
-- Table structure for table `auth_group_permissions`
--

DROP TABLE IF EXISTS `auth_group_permissions`;
/*!40101 SET @saved_cs_client     = @@character_set_client */;
/*!50503 SET character_set_client = utf8mb4 */;
CREATE TABLE `auth_group_permissions` (
  `id` bigint NOT NULL AUTO_INCREMENT,
  `group_id` int NOT NULL,
  `permission_id` int NOT NULL,
  PRIMARY KEY (`id`),
  UNIQUE KEY `auth_group_permissions_group_id_permission_id_0cd325b0_uniq` (`group_id`,`permission_id`),
  KEY `auth_group_permissio_permission_id_84c5c92e_fk_auth_perm` (`permission_id`),
  CONSTRAINT `auth_group_permissio_permission_id_84c5c92e_fk_auth_perm` FOREIGN KEY (`permission_id`) REFERENCES `auth_permission` (`id`),
  CONSTRAINT `auth_group_permissions_group_id_b120cbf9_fk_auth_group_id` FOREIGN KEY (`group_id`) REFERENCES `auth_group` (`id`)
) ENGINE=InnoDB DEFAULT CHARSET=utf8mb4 COLLATE=utf8mb4_0900_ai_ci;
/*!40101 SET character_set_client = @saved_cs_client */;

--
-- Dumping data for table `auth_group_permissions`
--

LOCK TABLES `auth_group_permissions` WRITE;
/*!40000 ALTER TABLE `auth_group_permissions` DISABLE KEYS */;
/*!40000 ALTER TABLE `auth_group_permissions` ENABLE KEYS */;
UNLOCK TABLES;

--
-- Table structure for table `auth_permission`
--

DROP TABLE IF EXISTS `auth_permission`;
/*!40101 SET @saved_cs_client     = @@character_set_client */;
/*!50503 SET character_set_client = utf8mb4 */;
CREATE TABLE `auth_permission` (
  `id` int NOT NULL AUTO_INCREMENT,
  `name` varchar(255) NOT NULL,
  `content_type_id` int NOT NULL,
  `codename` varchar(100) NOT NULL,
  PRIMARY KEY (`id`),
  UNIQUE KEY `auth_permission_content_type_id_codename_01ab375a_uniq` (`content_type_id`,`codename`),
  CONSTRAINT `auth_permission_content_type_id_2f476e4b_fk_django_co` FOREIGN KEY (`content_type_id`) REFERENCES `django_content_type` (`id`)
) ENGINE=InnoDB AUTO_INCREMENT=137 DEFAULT CHARSET=utf8mb4 COLLATE=utf8mb4_0900_ai_ci;
/*!40101 SET character_set_client = @saved_cs_client */;

--
-- Dumping data for table `auth_permission`
--

LOCK TABLES `auth_permission` WRITE;
/*!40000 ALTER TABLE `auth_permission` DISABLE KEYS */;
INSERT INTO `auth_permission` VALUES (1,'Can add log entry',1,'add_logentry'),(2,'Can change log entry',1,'change_logentry'),(3,'Can delete log entry',1,'delete_logentry'),(4,'Can view log entry',1,'view_logentry'),(5,'Can add permission',2,'add_permission'),(6,'Can change permission',2,'change_permission'),(7,'Can delete permission',2,'delete_permission'),(8,'Can view permission',2,'view_permission'),(9,'Can add group',3,'add_group'),(10,'Can change group',3,'change_group'),(11,'Can delete group',3,'delete_group'),(12,'Can view group',3,'view_group'),(13,'Can add user',4,'add_user'),(14,'Can change user',4,'change_user'),(15,'Can delete user',4,'delete_user'),(16,'Can view user',4,'view_user'),(17,'Can add content type',5,'add_contenttype'),(18,'Can change content type',5,'change_contenttype'),(19,'Can delete content type',5,'delete_contenttype'),(20,'Can view content type',5,'view_contenttype'),(21,'Can add session',6,'add_session'),(22,'Can change session',6,'change_session'),(23,'Can delete session',6,'delete_session'),(24,'Can view session',6,'view_session'),(25,'Can add site',7,'add_site'),(26,'Can change site',7,'change_site'),(27,'Can delete site',7,'delete_site'),(28,'Can view site',7,'view_site'),(29,'Can add email address',8,'add_emailaddress'),(30,'Can change email address',8,'change_emailaddress'),(31,'Can delete email address',8,'delete_emailaddress'),(32,'Can view email address',8,'view_emailaddress'),(33,'Can add email confirmation',9,'add_emailconfirmation'),(34,'Can change email confirmation',9,'change_emailconfirmation'),(35,'Can delete email confirmation',9,'delete_emailconfirmation'),(36,'Can view email confirmation',9,'view_emailconfirmation'),(37,'Can add social account',10,'add_socialaccount'),(38,'Can change social account',10,'change_socialaccount'),(39,'Can delete social account',10,'delete_socialaccount'),(40,'Can view social account',10,'view_socialaccount'),(41,'Can add social application',11,'add_socialapp'),(42,'Can change social application',11,'change_socialapp'),(43,'Can delete social application',11,'delete_socialapp'),(44,'Can view social application',11,'view_socialapp'),(45,'Can add social application token',12,'add_socialtoken'),(46,'Can change social application token',12,'change_socialtoken'),(47,'Can delete social application token',12,'delete_socialtoken'),(48,'Can view social application token',12,'view_socialtoken'),(49,'Can add tarefas',13,'add_tarefas'),(50,'Can change tarefas',13,'change_tarefas'),(51,'Can delete tarefas',13,'delete_tarefas'),(52,'Can view tarefas',13,'view_tarefas'),(53,'Can add produto',14,'add_produto'),(54,'Can change produto',14,'change_produto'),(55,'Can delete produto',14,'delete_produto'),(56,'Can view produto',14,'view_produto'),(57,'Can add vendas',15,'add_vendas'),(58,'Can change vendas',15,'change_vendas'),(59,'Can delete vendas',15,'delete_vendas'),(60,'Can view vendas',15,'view_vendas'),(61,'Can add items venda',16,'add_itemsvenda'),(62,'Can change items venda',16,'change_itemsvenda'),(63,'Can delete items venda',16,'delete_itemsvenda'),(64,'Can view items venda',16,'view_itemsvenda'),(65,'Can add pecas',17,'add_pecas'),(66,'Can change pecas',17,'change_pecas'),(67,'Can delete pecas',17,'delete_pecas'),(68,'Can view pecas',17,'view_pecas'),(69,'Can add cliente',18,'add_cliente'),(70,'Can change cliente',18,'change_cliente'),(71,'Can delete cliente',18,'delete_cliente'),(72,'Can view cliente',18,'view_cliente'),(73,'Can add colaborador',19,'add_colaborador'),(74,'Can change colaborador',19,'change_colaborador'),(75,'Can delete colaborador',19,'delete_colaborador'),(76,'Can view colaborador',19,'view_colaborador'),(77,'Can add categoria despesa',20,'add_categoriadespesa'),(78,'Can change categoria despesa',20,'change_categoriadespesa'),(79,'Can delete categoria despesa',20,'delete_categoriadespesa'),(80,'Can view categoria despesa',20,'view_categoriadespesa'),(81,'Can add despesa',21,'add_despesa'),(82,'Can change despesa',21,'change_despesa'),(83,'Can delete despesa',21,'delete_despesa'),(84,'Can view despesa',21,'view_despesa'),(85,'Can add contas a receber',22,'add_contasareceber'),(86,'Can change contas a receber',22,'change_contasareceber'),(87,'Can delete contas a receber',22,'delete_contasareceber'),(88,'Can view contas a receber',22,'view_contasareceber'),(89,'Can add servico',23,'add_servico'),(90,'Can change servico',23,'change_servico'),(91,'Can delete servico',23,'delete_servico'),(92,'Can view servico',23,'view_servico'),(93,'Can add orcamento',24,'add_orcamento'),(94,'Can change orcamento',24,'change_orcamento'),(95,'Can delete orcamento',24,'delete_orcamento'),(96,'Can view orcamento',24,'view_orcamento'),(97,'Can add items orcamento',25,'add_itemsorcamento'),(98,'Can change items orcamento',25,'change_itemsorcamento'),(99,'Can delete items orcamento',25,'delete_itemsorcamento'),(100,'Can view items orcamento',25,'view_itemsorcamento'),(101,'Can add fornecedores',26,'add_fornecedores'),(102,'Can change fornecedores',26,'change_fornecedores'),(103,'Can delete fornecedores',26,'delete_fornecedores'),(104,'Can view fornecedores',26,'view_fornecedores'),(105,'Can add comunidade',27,'add_comunidade'),(106,'Can change comunidade',27,'change_comunidade'),(107,'Can delete comunidade',27,'delete_comunidade'),(108,'Can view comunidade',27,'view_comunidade'),(109,'Can add suporte',28,'add_suporte'),(110,'Can change suporte',28,'change_suporte'),(111,'Can delete suporte',28,'delete_suporte'),(112,'Can view suporte',28,'view_suporte'),(113,'Can add pedido',29,'add_pedido'),(114,'Can change pedido',29,'change_pedido'),(115,'Can delete pedido',29,'delete_pedido'),(116,'Can view pedido',29,'view_pedido'),(117,'Can add lanhouse model',30,'add_lanhousemodel'),(118,'Can change lanhouse model',30,'change_lanhousemodel'),(119,'Can delete lanhouse model',30,'delete_lanhousemodel'),(120,'Can view lanhouse model',30,'view_lanhousemodel'),(121,'Can add items lanhouse',31,'add_itemslanhouse'),(122,'Can change items lanhouse',31,'change_itemslanhouse'),(123,'Can delete items lanhouse',31,'delete_itemslanhouse'),(124,'Can view items lanhouse',31,'view_itemslanhouse'),(125,'Can add lanhouse servico',32,'add_lanhouseservico'),(126,'Can change lanhouse servico',32,'change_lanhouseservico'),(127,'Can delete lanhouse servico',32,'delete_lanhouseservico'),(128,'Can view lanhouse servico',32,'view_lanhouseservico'),(129,'Can add validacao',33,'add_validacao'),(130,'Can change validacao',33,'change_validacao'),(131,'Can delete validacao',33,'delete_validacao'),(132,'Can view validacao',33,'view_validacao'),(133,'Can add email confirmacao',34,'add_emailconfirmacao'),(134,'Can change email confirmacao',34,'change_emailconfirmacao'),(135,'Can delete email confirmacao',34,'delete_emailconfirmacao'),(136,'Can view email confirmacao',34,'view_emailconfirmacao');
/*!40000 ALTER TABLE `auth_permission` ENABLE KEYS */;
UNLOCK TABLES;

--
-- Table structure for table `auth_user`
--

DROP TABLE IF EXISTS `auth_user`;
/*!40101 SET @saved_cs_client     = @@character_set_client */;
/*!50503 SET character_set_client = utf8mb4 */;
CREATE TABLE `auth_user` (
  `id` int NOT NULL AUTO_INCREMENT,
  `password` varchar(128) NOT NULL,
  `last_login` datetime(6) DEFAULT NULL,
  `is_superuser` tinyint(1) NOT NULL,
  `username` varchar(150) NOT NULL,
  `first_name` varchar(150) NOT NULL,
  `last_name` varchar(150) NOT NULL,
  `email` varchar(254) NOT NULL,
  `is_staff` tinyint(1) NOT NULL,
  `is_active` tinyint(1) NOT NULL,
  `date_joined` datetime(6) NOT NULL,
  PRIMARY KEY (`id`),
  UNIQUE KEY `username` (`username`)
) ENGINE=InnoDB AUTO_INCREMENT=4 DEFAULT CHARSET=utf8mb4 COLLATE=utf8mb4_0900_ai_ci;
/*!40101 SET character_set_client = @saved_cs_client */;

--
-- Dumping data for table `auth_user`
--

LOCK TABLES `auth_user` WRITE;
/*!40000 ALTER TABLE `auth_user` DISABLE KEYS */;
INSERT INTO `auth_user` VALUES (1,'pbkdf2_sha256$390000$ijNImekmHl9GxKA6EfCN11$qHkM/lAT/VBtiCwe7s3DE4i2rKQhOh61ESV6yufluVk=','2023-06-22 01:25:15.724618',0,'asd','','','',0,1,'2023-06-19 18:04:23.577385'),(2,'pbkdf2_sha256$320000$njj7w2XWegKqKVhRGJOmWU$DIBYcb7Hw+ueEdua4KXhlih9v0P9GHOSUTzI14ouJ6o=',NULL,1,'aluno','','','',1,1,'2023-06-20 00:14:46.632426'),(3,'pbkdf2_sha256$390000$2mnaIv8cdSNlxTTx9whdxU$udUEvO6ibOnxCg4tvTlxkH73LWGoVDzG16raAfYRD0k=','2023-06-25 13:03:59.231436',1,'douglas','','','',1,1,'2023-06-25 13:03:39.411693');
/*!40000 ALTER TABLE `auth_user` ENABLE KEYS */;
UNLOCK TABLES;

--
-- Table structure for table `auth_user_groups`
--

DROP TABLE IF EXISTS `auth_user_groups`;
/*!40101 SET @saved_cs_client     = @@character_set_client */;
/*!50503 SET character_set_client = utf8mb4 */;
CREATE TABLE `auth_user_groups` (
  `id` bigint NOT NULL AUTO_INCREMENT,
  `user_id` int NOT NULL,
  `group_id` int NOT NULL,
  PRIMARY KEY (`id`),
  UNIQUE KEY `auth_user_groups_user_id_group_id_94350c0c_uniq` (`user_id`,`group_id`),
  KEY `auth_user_groups_group_id_97559544_fk_auth_group_id` (`group_id`),
  CONSTRAINT `auth_user_groups_group_id_97559544_fk_auth_group_id` FOREIGN KEY (`group_id`) REFERENCES `auth_group` (`id`),
  CONSTRAINT `auth_user_groups_user_id_6a12ed8b_fk_auth_user_id` FOREIGN KEY (`user_id`) REFERENCES `auth_user` (`id`)
) ENGINE=InnoDB DEFAULT CHARSET=utf8mb4 COLLATE=utf8mb4_0900_ai_ci;
/*!40101 SET character_set_client = @saved_cs_client */;

--
-- Dumping data for table `auth_user_groups`
--

LOCK TABLES `auth_user_groups` WRITE;
/*!40000 ALTER TABLE `auth_user_groups` DISABLE KEYS */;
/*!40000 ALTER TABLE `auth_user_groups` ENABLE KEYS */;
UNLOCK TABLES;

--
-- Table structure for table `auth_user_user_permissions`
--

DROP TABLE IF EXISTS `auth_user_user_permissions`;
/*!40101 SET @saved_cs_client     = @@character_set_client */;
/*!50503 SET character_set_client = utf8mb4 */;
CREATE TABLE `auth_user_user_permissions` (
  `id` bigint NOT NULL AUTO_INCREMENT,
  `user_id` int NOT NULL,
  `permission_id` int NOT NULL,
  PRIMARY KEY (`id`),
  UNIQUE KEY `auth_user_user_permissions_user_id_permission_id_14a6b632_uniq` (`user_id`,`permission_id`),
  KEY `auth_user_user_permi_permission_id_1fbb5f2c_fk_auth_perm` (`permission_id`),
  CONSTRAINT `auth_user_user_permi_permission_id_1fbb5f2c_fk_auth_perm` FOREIGN KEY (`permission_id`) REFERENCES `auth_permission` (`id`),
  CONSTRAINT `auth_user_user_permissions_user_id_a95ead1b_fk_auth_user_id` FOREIGN KEY (`user_id`) REFERENCES `auth_user` (`id`)
) ENGINE=InnoDB DEFAULT CHARSET=utf8mb4 COLLATE=utf8mb4_0900_ai_ci;
/*!40101 SET character_set_client = @saved_cs_client */;

--
-- Dumping data for table `auth_user_user_permissions`
--

LOCK TABLES `auth_user_user_permissions` WRITE;
/*!40000 ALTER TABLE `auth_user_user_permissions` DISABLE KEYS */;
/*!40000 ALTER TABLE `auth_user_user_permissions` ENABLE KEYS */;
UNLOCK TABLES;

--
-- Table structure for table `cliente_cliente`
--

DROP TABLE IF EXISTS `cliente_cliente`;
/*!40101 SET @saved_cs_client     = @@character_set_client */;
/*!50503 SET character_set_client = utf8mb4 */;
CREATE TABLE `cliente_cliente` (
  `id` bigint NOT NULL AUTO_INCREMENT,
  `data_criacao` datetime(6) NOT NULL,
  `data_edicao` datetime(6) NOT NULL,
  `nome_cliente` varchar(90) NOT NULL,
  `data_nascimento` date DEFAULT NULL,
  `cpf` varchar(14) DEFAULT NULL,
  `telefone_contato` varchar(15) NOT NULL,
  `telefone_contato_2` varchar(15) DEFAULT NULL,
  `rua` varchar(99) DEFAULT NULL,
  `numero_casa` int DEFAULT NULL,
  `bairro` varchar(90) DEFAULT NULL,
  `observacao` longtext,
  `usuario_id` int NOT NULL,
  PRIMARY KEY (`id`),
  KEY `cliente_cliente_usuario_id_ca212392_fk_auth_user_id` (`usuario_id`),
  CONSTRAINT `cliente_cliente_usuario_id_ca212392_fk_auth_user_id` FOREIGN KEY (`usuario_id`) REFERENCES `auth_user` (`id`)
) ENGINE=InnoDB DEFAULT CHARSET=utf8mb4 COLLATE=utf8mb4_0900_ai_ci;
/*!40101 SET character_set_client = @saved_cs_client */;

--
-- Dumping data for table `cliente_cliente`
--

LOCK TABLES `cliente_cliente` WRITE;
/*!40000 ALTER TABLE `cliente_cliente` DISABLE KEYS */;
/*!40000 ALTER TABLE `cliente_cliente` ENABLE KEYS */;
UNLOCK TABLES;

--
-- Table structure for table `colaborador_colaborador`
--

DROP TABLE IF EXISTS `colaborador_colaborador`;
/*!40101 SET @saved_cs_client     = @@character_set_client */;
/*!50503 SET character_set_client = utf8mb4 */;
CREATE TABLE `colaborador_colaborador` (
  `id` bigint NOT NULL AUTO_INCREMENT,
  `nome_colaborador` varchar(90) NOT NULL,
  `data_criacao` datetime(6) NOT NULL,
  `data_edicao` datetime(6) NOT NULL,
  `data_nascimento` date DEFAULT NULL,
  `cpf` varchar(14) DEFAULT NULL,
  `telefone_contato` varchar(15) NOT NULL,
  `telefone_contato_2` varchar(15) DEFAULT NULL,
  `rua` varchar(99) DEFAULT NULL,
  `numero_casa` int DEFAULT NULL,
  `bairro` varchar(90) DEFAULT NULL,
  `cargo` varchar(90) DEFAULT NULL,
  `salario` decimal(9,2) DEFAULT NULL,
  `data_pagamento` date DEFAULT NULL,
  `observacao` longtext,
  `usuario_id` int NOT NULL,
  PRIMARY KEY (`id`),
  KEY `colaborador_colaborador_usuario_id_40d11ded_fk_auth_user_id` (`usuario_id`),
  CONSTRAINT `colaborador_colaborador_usuario_id_40d11ded_fk_auth_user_id` FOREIGN KEY (`usuario_id`) REFERENCES `auth_user` (`id`)
) ENGINE=InnoDB DEFAULT CHARSET=utf8mb4 COLLATE=utf8mb4_0900_ai_ci;
/*!40101 SET character_set_client = @saved_cs_client */;

--
-- Dumping data for table `colaborador_colaborador`
--

LOCK TABLES `colaborador_colaborador` WRITE;
/*!40000 ALTER TABLE `colaborador_colaborador` DISABLE KEYS */;
/*!40000 ALTER TABLE `colaborador_colaborador` ENABLE KEYS */;
UNLOCK TABLES;

--
-- Table structure for table `comunidade_comunidade`
--

DROP TABLE IF EXISTS `comunidade_comunidade`;
/*!40101 SET @saved_cs_client     = @@character_set_client */;
/*!50503 SET character_set_client = utf8mb4 */;
CREATE TABLE `comunidade_comunidade` (
  `id` bigint NOT NULL AUTO_INCREMENT,
  `data_criacao` datetime(6) NOT NULL,
  `mensagem` longtext NOT NULL,
  `usuario_id` int NOT NULL,
  PRIMARY KEY (`id`),
  KEY `comunidade_comunidade_usuario_id_d6f64d08_fk_auth_user_id` (`usuario_id`),
  CONSTRAINT `comunidade_comunidade_usuario_id_d6f64d08_fk_auth_user_id` FOREIGN KEY (`usuario_id`) REFERENCES `auth_user` (`id`)
) ENGINE=InnoDB DEFAULT CHARSET=utf8mb4 COLLATE=utf8mb4_0900_ai_ci;
/*!40101 SET character_set_client = @saved_cs_client */;

--
-- Dumping data for table `comunidade_comunidade`
--

LOCK TABLES `comunidade_comunidade` WRITE;
/*!40000 ALTER TABLE `comunidade_comunidade` DISABLE KEYS */;
/*!40000 ALTER TABLE `comunidade_comunidade` ENABLE KEYS */;
UNLOCK TABLES;

--
-- Table structure for table `dashboard_tarefas`
--

DROP TABLE IF EXISTS `dashboard_tarefas`;
/*!40101 SET @saved_cs_client     = @@character_set_client */;
/*!50503 SET character_set_client = utf8mb4 */;
CREATE TABLE `dashboard_tarefas` (
  `id` bigint NOT NULL AUTO_INCREMENT,
  `tarefa` varchar(200) NOT NULL,
  `status` varchar(10) NOT NULL,
  `colaborador_id` bigint DEFAULT NULL,
  `usuario_id` int NOT NULL,
  PRIMARY KEY (`id`),
  KEY `dashboard_tarefas_colaborador_id_0cb4fb6b_fk_colaborad` (`colaborador_id`),
  KEY `dashboard_tarefas_usuario_id_3aa8166e_fk_auth_user_id` (`usuario_id`),
  CONSTRAINT `dashboard_tarefas_colaborador_id_0cb4fb6b_fk_colaborad` FOREIGN KEY (`colaborador_id`) REFERENCES `colaborador_colaborador` (`id`),
  CONSTRAINT `dashboard_tarefas_usuario_id_3aa8166e_fk_auth_user_id` FOREIGN KEY (`usuario_id`) REFERENCES `auth_user` (`id`)
) ENGINE=InnoDB DEFAULT CHARSET=utf8mb4 COLLATE=utf8mb4_0900_ai_ci;
/*!40101 SET character_set_client = @saved_cs_client */;

--
-- Dumping data for table `dashboard_tarefas`
--

LOCK TABLES `dashboard_tarefas` WRITE;
/*!40000 ALTER TABLE `dashboard_tarefas` DISABLE KEYS */;
/*!40000 ALTER TABLE `dashboard_tarefas` ENABLE KEYS */;
UNLOCK TABLES;

--
-- Table structure for table `despesa_categoriadespesa`
--

DROP TABLE IF EXISTS `despesa_categoriadespesa`;
/*!40101 SET @saved_cs_client     = @@character_set_client */;
/*!50503 SET character_set_client = utf8mb4 */;
CREATE TABLE `despesa_categoriadespesa` (
  `id` bigint NOT NULL AUTO_INCREMENT,
  `nome_categoria_despesa` varchar(100) NOT NULL,
  `usuario_id` int NOT NULL,
  PRIMARY KEY (`id`),
  KEY `despesa_categoriadespesa_usuario_id_3cd1be9e_fk_auth_user_id` (`usuario_id`),
  CONSTRAINT `despesa_categoriadespesa_usuario_id_3cd1be9e_fk_auth_user_id` FOREIGN KEY (`usuario_id`) REFERENCES `auth_user` (`id`)
) ENGINE=InnoDB DEFAULT CHARSET=utf8mb4 COLLATE=utf8mb4_0900_ai_ci;
/*!40101 SET character_set_client = @saved_cs_client */;

--
-- Dumping data for table `despesa_categoriadespesa`
--

LOCK TABLES `despesa_categoriadespesa` WRITE;
/*!40000 ALTER TABLE `despesa_categoriadespesa` DISABLE KEYS */;
/*!40000 ALTER TABLE `despesa_categoriadespesa` ENABLE KEYS */;
UNLOCK TABLES;

--
-- Table structure for table `despesa_despesa`
--

DROP TABLE IF EXISTS `despesa_despesa`;
/*!40101 SET @saved_cs_client     = @@character_set_client */;
/*!50503 SET character_set_client = utf8mb4 */;
CREATE TABLE `despesa_despesa` (
  `id` bigint NOT NULL AUTO_INCREMENT,
  `nome_despesa` varchar(90) NOT NULL,
  `preco_despesa` decimal(9,2) NOT NULL,
  `observacao` longtext,
  `data_cadastro` datetime(6) NOT NULL,
  `forma_pagamento` varchar(17) NOT NULL,
  `categoria_despesa_id` bigint DEFAULT NULL,
  `fornecedor_id` bigint DEFAULT NULL,
  `usuario_id` int NOT NULL,
  `data_vencimento` date DEFAULT NULL,
  `qtd_parcela` int DEFAULT NULL,
  `valor_entrada` decimal(9,2) DEFAULT NULL,
  PRIMARY KEY (`id`),
  KEY `despesa_despesa_categoria_despesa_id_31a8d4ac_fk_despesa_c` (`categoria_despesa_id`),
  KEY `despesa_despesa_fornecedor_id_b84dcf39_fk_fornecedo` (`fornecedor_id`),
  KEY `despesa_despesa_usuario_id_1303cbc0_fk_auth_user_id` (`usuario_id`),
  CONSTRAINT `despesa_despesa_categoria_despesa_id_31a8d4ac_fk_despesa_c` FOREIGN KEY (`categoria_despesa_id`) REFERENCES `despesa_categoriadespesa` (`id`),
  CONSTRAINT `despesa_despesa_fornecedor_id_b84dcf39_fk_fornecedo` FOREIGN KEY (`fornecedor_id`) REFERENCES `fornecedor_fornecedores` (`id`),
  CONSTRAINT `despesa_despesa_usuario_id_1303cbc0_fk_auth_user_id` FOREIGN KEY (`usuario_id`) REFERENCES `auth_user` (`id`)
) ENGINE=InnoDB DEFAULT CHARSET=utf8mb4 COLLATE=utf8mb4_0900_ai_ci;
/*!40101 SET character_set_client = @saved_cs_client */;

--
-- Dumping data for table `despesa_despesa`
--

LOCK TABLES `despesa_despesa` WRITE;
/*!40000 ALTER TABLE `despesa_despesa` DISABLE KEYS */;
/*!40000 ALTER TABLE `despesa_despesa` ENABLE KEYS */;
UNLOCK TABLES;

--
-- Table structure for table `django_admin_log`
--

DROP TABLE IF EXISTS `django_admin_log`;
/*!40101 SET @saved_cs_client     = @@character_set_client */;
/*!50503 SET character_set_client = utf8mb4 */;
CREATE TABLE `django_admin_log` (
  `id` int NOT NULL AUTO_INCREMENT,
  `action_time` datetime(6) NOT NULL,
  `object_id` longtext,
  `object_repr` varchar(200) NOT NULL,
  `action_flag` smallint unsigned NOT NULL,
  `change_message` longtext NOT NULL,
  `content_type_id` int DEFAULT NULL,
  `user_id` int NOT NULL,
  PRIMARY KEY (`id`),
  KEY `django_admin_log_content_type_id_c4bce8eb_fk_django_co` (`content_type_id`),
  KEY `django_admin_log_user_id_c564eba6_fk_auth_user_id` (`user_id`),
  CONSTRAINT `django_admin_log_content_type_id_c4bce8eb_fk_django_co` FOREIGN KEY (`content_type_id`) REFERENCES `django_content_type` (`id`),
  CONSTRAINT `django_admin_log_user_id_c564eba6_fk_auth_user_id` FOREIGN KEY (`user_id`) REFERENCES `auth_user` (`id`),
  CONSTRAINT `django_admin_log_chk_1` CHECK ((`action_flag` >= 0))
) ENGINE=InnoDB DEFAULT CHARSET=utf8mb4 COLLATE=utf8mb4_0900_ai_ci;
/*!40101 SET character_set_client = @saved_cs_client */;

--
-- Dumping data for table `django_admin_log`
--

LOCK TABLES `django_admin_log` WRITE;
/*!40000 ALTER TABLE `django_admin_log` DISABLE KEYS */;
/*!40000 ALTER TABLE `django_admin_log` ENABLE KEYS */;
UNLOCK TABLES;

--
-- Table structure for table `django_content_type`
--

DROP TABLE IF EXISTS `django_content_type`;
/*!40101 SET @saved_cs_client     = @@character_set_client */;
/*!50503 SET character_set_client = utf8mb4 */;
CREATE TABLE `django_content_type` (
  `id` int NOT NULL AUTO_INCREMENT,
  `app_label` varchar(100) NOT NULL,
  `model` varchar(100) NOT NULL,
  PRIMARY KEY (`id`),
  UNIQUE KEY `django_content_type_app_label_model_76bd3d3b_uniq` (`app_label`,`model`)
) ENGINE=InnoDB AUTO_INCREMENT=35 DEFAULT CHARSET=utf8mb4 COLLATE=utf8mb4_0900_ai_ci;
/*!40101 SET character_set_client = @saved_cs_client */;

--
-- Dumping data for table `django_content_type`
--

LOCK TABLES `django_content_type` WRITE;
/*!40000 ALTER TABLE `django_content_type` DISABLE KEYS */;
INSERT INTO `django_content_type` VALUES (8,'account','emailaddress'),(9,'account','emailconfirmation'),(1,'admin','logentry'),(3,'auth','group'),(2,'auth','permission'),(4,'auth','user'),(18,'cliente','cliente'),(19,'colaborador','colaborador'),(27,'comunidade','comunidade'),(5,'contenttypes','contenttype'),(13,'dashboard','tarefas'),(20,'despesa','categoriadespesa'),(21,'despesa','despesa'),(22,'financeiro','contasareceber'),(26,'fornecedor','fornecedores'),(31,'lanhouse','itemslanhouse'),(30,'lanhouse','lanhousemodel'),(32,'lanhouse','lanhouseservico'),(25,'orcamento','itemsorcamento'),(24,'orcamento','orcamento'),(23,'orcamento','servico'),(17,'peca','pecas'),(29,'pedido','pedido'),(14,'produto','produto'),(6,'sessions','session'),(7,'sites','site'),(10,'socialaccount','socialaccount'),(11,'socialaccount','socialapp'),(12,'socialaccount','socialtoken'),(28,'suporte','suporte'),(16,'venda','itemsvenda'),(15,'venda','vendas'),(34,'votacao_app','emailconfirmacao'),(33,'votacao_app','validacao');
/*!40000 ALTER TABLE `django_content_type` ENABLE KEYS */;
UNLOCK TABLES;

--
-- Table structure for table `django_migrations`
--

DROP TABLE IF EXISTS `django_migrations`;
/*!40101 SET @saved_cs_client     = @@character_set_client */;
/*!50503 SET character_set_client = utf8mb4 */;
CREATE TABLE `django_migrations` (
  `id` bigint NOT NULL AUTO_INCREMENT,
  `app` varchar(255) NOT NULL,
  `name` varchar(255) NOT NULL,
  `applied` datetime(6) NOT NULL,
  PRIMARY KEY (`id`)
) ENGINE=InnoDB AUTO_INCREMENT=58 DEFAULT CHARSET=utf8mb4 COLLATE=utf8mb4_0900_ai_ci;
/*!40101 SET character_set_client = @saved_cs_client */;

--
-- Dumping data for table `django_migrations`
--

LOCK TABLES `django_migrations` WRITE;
/*!40000 ALTER TABLE `django_migrations` DISABLE KEYS */;
INSERT INTO `django_migrations` VALUES (1,'contenttypes','0001_initial','2023-06-19 00:28:05.348686'),(2,'auth','0001_initial','2023-06-19 00:28:11.875782'),(3,'account','0001_initial','2023-06-19 00:28:13.888752'),(4,'account','0002_email_max_length','2023-06-19 00:28:14.623387'),(5,'admin','0001_initial','2023-06-19 00:28:16.327818'),(6,'admin','0002_logentry_remove_auto_add','2023-06-19 00:28:16.763704'),(7,'admin','0003_logentry_add_action_flag_choices','2023-06-19 00:28:17.190342'),(8,'contenttypes','0002_remove_content_type_name','2023-06-19 00:28:18.907333'),(9,'auth','0002_alter_permission_name_max_length','2023-06-19 00:28:19.639453'),(10,'auth','0003_alter_user_email_max_length','2023-06-19 00:28:20.292442'),(11,'auth','0004_alter_user_username_opts','2023-06-19 00:28:20.773710'),(12,'auth','0005_alter_user_last_login_null','2023-06-19 00:28:21.484441'),(13,'auth','0006_require_contenttypes_0002','2023-06-19 00:28:21.911687'),(14,'auth','0007_alter_validators_add_error_messages','2023-06-19 00:28:22.501332'),(15,'auth','0008_alter_user_username_max_length','2023-06-19 00:28:23.353979'),(16,'auth','0009_alter_user_last_name_max_length','2023-06-19 00:28:24.431700'),(17,'auth','0010_alter_group_name_max_length','2023-06-19 00:28:26.120524'),(18,'auth','0011_update_proxy_permissions','2023-06-19 00:28:27.183225'),(19,'auth','0012_alter_user_first_name_max_length','2023-06-19 00:28:27.939881'),(20,'sessions','0001_initial','2023-06-19 00:28:29.190788'),(21,'sites','0001_initial','2023-06-19 00:28:29.861312'),(22,'sites','0002_alter_domain_unique','2023-06-19 00:28:30.531247'),(23,'socialaccount','0001_initial','2023-06-19 00:28:35.345103'),(24,'socialaccount','0002_token_max_lengths','2023-06-19 00:28:36.464098'),(25,'socialaccount','0003_extra_data_default_dict','2023-06-19 00:28:36.880202'),(26,'cliente','0001_initial','2023-06-22 01:22:33.676320'),(27,'colaborador','0001_initial','2023-06-22 01:22:34.819959'),(28,'comunidade','0001_initial','2023-06-22 01:22:35.947185'),(29,'dashboard','0001_initial','2023-06-22 01:22:37.660506'),(30,'fornecedor','0001_initial','2023-06-22 01:22:38.785492'),(31,'despesa','0001_initial','2023-06-22 01:22:41.623413'),(32,'despesa','0002_alter_despesa_forma_pagamento','2023-06-22 01:22:42.989552'),(33,'despesa','0003_despesa_data_vencimento_despesa_qtd_parcela_and_more','2023-06-22 01:22:44.199891'),(34,'despesa','0004_alter_despesa_forma_pagamento','2023-06-22 01:22:44.607959'),(35,'financeiro','0001_initial','2023-06-22 01:22:46.314504'),(36,'financeiro','0002_contasareceber_data_vencimento_and_more','2023-06-22 01:22:47.913295'),(37,'lanhouse','0001_initial','2023-06-22 01:22:51.551734'),(38,'lanhouse','0002_alter_lanhouseservico_descricao_servico','2023-06-22 01:22:52.227444'),(39,'lanhouse','0003_lanhouseservicos_alter_itemslanhouse_servico_and_more','2023-06-22 01:22:55.503421'),(40,'lanhouse','0004_rename_lanhouseservicos_lanhouseservico','2023-06-22 01:22:58.591995'),(41,'lanhouse','0005_rename_preco_venda_lanhouseservico_preco','2023-06-22 01:22:59.239592'),(42,'peca','0001_initial','2023-06-22 01:23:00.913280'),(43,'peca','0002_pecas_dia_vencimento_pecas_qtd_parcela_and_more','2023-06-22 01:23:02.032590'),(44,'peca','0003_remove_pecas_dia_vencimento_pecas_data_vencimento','2023-06-22 01:23:02.951494'),(45,'orcamento','0001_initial','2023-06-22 01:23:07.642955'),(46,'pedido','0001_initial','2023-06-22 01:23:09.255212'),(47,'pedido','0002_alter_pedido_data_entrega','2023-06-22 01:23:09.989859'),(48,'pedido','0003_alter_pedido_data_entrega','2023-06-22 01:23:10.711710'),(49,'pedido','0004_alter_pedido_data_entrega','2023-06-22 01:23:11.417678'),(50,'produto','0001_initial','2023-06-22 01:23:13.100497'),(51,'produto','0002_alter_produto_categoria_produtos','2023-06-22 01:23:13.796024'),(52,'suporte','0001_initial','2023-06-22 01:23:14.933418'),(53,'venda','0001_initial','2023-06-22 01:23:18.316155'),(54,'venda','0002_alter_itemsvenda_produto','2023-06-22 01:23:18.756539'),(55,'votacao_app','0001_initial','2023-06-25 12:08:25.963042'),(56,'votacao_app','0002_validacao_emails','2023-06-25 12:09:54.933937'),(57,'votacao_app','0003_emailconfirmacao','2023-06-25 12:39:00.251860');
/*!40000 ALTER TABLE `django_migrations` ENABLE KEYS */;
UNLOCK TABLES;

--
-- Table structure for table `django_session`
--

DROP TABLE IF EXISTS `django_session`;
/*!40101 SET @saved_cs_client     = @@character_set_client */;
/*!50503 SET character_set_client = utf8mb4 */;
CREATE TABLE `django_session` (
  `session_key` varchar(40) NOT NULL,
  `session_data` longtext NOT NULL,
  `expire_date` datetime(6) NOT NULL,
  PRIMARY KEY (`session_key`),
  KEY `django_session_expire_date_a5c62663` (`expire_date`)
) ENGINE=InnoDB DEFAULT CHARSET=utf8mb4 COLLATE=utf8mb4_0900_ai_ci;
/*!40101 SET character_set_client = @saved_cs_client */;

--
-- Dumping data for table `django_session`
--

LOCK TABLES `django_session` WRITE;
/*!40000 ALTER TABLE `django_session` DISABLE KEYS */;
INSERT INTO `django_session` VALUES ('7udf2iek6i0oy5sgqxcjxiiprlrguu3u','.eJxVjEEOwiAQRe_C2hAoDAWX7j0DGYZBqoYmpV0Z765NutDtf-_9l4i4rTVunZc4ZXEWRpx-t4T04LaDfMd2myXNbV2mJHdFHrTL65z5eTncv4OKvX5rBjVAhjIa74vL3pJ2KSQNpAdnkTUoKkgOnHaGbNGeU_DBBjUaQ6GI9wfT4zdZ:1qDPPL:iauVcIZ4ZqrAtsQ1dLZGHDS0QRs2fDWai8ZSwyEF0HE','2023-07-09 13:03:59.434985'),('9739iw8e4360vidrrfycwur4s92m38ev','.eJxVjEEOwiAQRe_C2hBoKaVduvcMZJgZLGrAlDbRGO-uTbrQ7X_vv5fwsC6TXyvPPpEYhRaH3y0AXjlvgC6Qz0ViycucgtwUudMqT4X4dtzdv8AEdfq-gaENLhKGro_IaM0QTetQxx5haEgzGGvZNqywNYGsQuwb4qhc1J0zW7Ryralkz497mp9iVO8P6CdAYw:1qC94V:cjWtcz2_mWQAAU2HIzECz3dfEAc1qHpHTZqJuUD09as','2023-07-06 01:25:15.930723'),('d2slaco5ef87tnlewvq2jnhcej8iaa05','.eJxVjEEOwiAQRe_C2hBKS1u6dO8ZyMwwWNSAgTbRGO-uTbrQ7X_vv5dwsC6zWysXF72YRCMOvxsCXTltwF8gnbOknJYSUW6K3GmVp-z5dtzdv8AMdf6-R2W7EQF0DxyMUa22YNigHQJbPYa210Fp1EOLRJ3xTc-E0BhtUREZ2qKVa405OX7cY3mKSb0_jk8_Zg:1qBzOZ:bqWmsDIiXd9yO2oixL8E_fYkSnn1lNxgwSCkZdGdD_Y','2023-07-05 15:05:19.681448'),('el8mzvqd5p6x9m5emg7mm7j6z6i27y81','.eJxVjEEOwiAQRe_C2hBKS1u6dO8ZyMwwWNSAgTbRGO-uTbrQ7X_vv5dwsC6zWysXF72YRCMOvxsCXTltwF8gnbOknJYSUW6K3GmVp-z5dtzdv8AMdf6-R2W7EQF0DxyMUa22YNigHQJbPYa210Fp1EOLRJ3xTc-E0BhtUREZ2qKVa405OX7cY3mKSb0_jk8_Zg:1qBkkv:ykDUR5JG3EEwweYddxg4LD9BFVLH4CTFOjXrgmUY4gA','2023-07-04 23:27:25.989472'),('fnlq1bjaevtwoekmffu4vsj4n0uuvtjv','.eJxVjEEOwiAQRe_C2hBKS1u6dO8ZyMwwWNSAgTbRGO-uTbrQ7X_vv5dwsC6zWysXF72YRCMOvxsCXTltwF8gnbOknJYSUW6K3GmVp-z5dtzdv8AMdf6-R2W7EQF0DxyMUa22YNigHQJbPYa210Fp1EOLRJ3xTc-E0BhtUREZ2qKVa405OX7cY3mKSb0_jk8_Zg:1qBcxC:jOvqMogZcUkbztksQS9WbWbWuL1LfEGpVXXmLF9sfHQ','2023-07-04 15:07:34.875739'),('lkt5pdwanz1dehblsg7m8nassrpmk6o5','.eJxVjMsOwiAQRf-FtSFTsDy6dO83kGEAixpoSptojP-uTbrQ7T3nnhdzuC6jW1ucXQ5sYB07_G4e6RbLBsIVy6VyqmWZs-ebwnfa-LmGeD_t7l9gxDZ-35aIPEprJegEGOQxSWGo1zFIIZQ0FoAMJeqVCsJSpxUkIxVqSgrQb9EWW8u1uPiY8vxkA7w_jFY_FQ:1qBLL4:3QaLbjomlmdDbtOfGeWpPmVFro7oLONiWmhjiH6CDDs','2023-07-03 20:19:02.959837'),('r5qbw6qwjrx4i6v8k5x8zov4bjq4hfy6','.eJxVjEEOwiAQRe_C2hBoKaVduvcMZJgZLGrAlDbRGO-uTbrQ7X_vv5fwsC6TXyvPPpEYhRaH3y0AXjlvgC6Qz0ViycucgtwUudMqT4X4dtzdv8AEdfq-gaENLhKGro_IaM0QTetQxx5haEgzGGvZNqywNYGsQuwb4qhc1J0zW7Ryralkz497mp9iVO8P6CdAYw:1qC91J:L1LPZtxEoogZfdK2qsit4w-NNRlv6t0c-BUal9ykpyQ','2023-07-06 01:21:57.575439'),('swt9melfxmf7kmk6qsuz8v5i3nxozd0p','.eJxVjEEOwiAQRe_C2hBKS1u6dO8ZyMwwWNSAgTbRGO-uTbrQ7X_vv5dwsC6zWysXF72YRCMOvxsCXTltwF8gnbOknJYSUW6K3GmVp-z5dtzdv8AMdf6-R2W7EQF0DxyMUa22YNigHQJbPYa210Fp1EOLRJ3xTc-E0BhtUREZ2qKVa405OX7cY3mKSb0_jk8_Zg:1qBkku:edKu2PPZ0QRnMIFekCDAFpOSqYxGiA0tBBQzdUc3x4M','2023-07-04 23:27:24.564006'),('ybn3dg3ozb78mo20lvcc97pfn04urrk5','.eJxVjMEOwiAQBf-FsyGAQKFH734D2bKLRQ00pU00xn_XJj3o9c28ebEA6zKGtdEcMrKeSXb43QaINyobwCuUS-WxlmXOA98UvtPGzxXpftrdv8AIbfy-yUphJSYxSJC2sySMTsqh0gI6m4TABE4bF7UGH6NXlvwxKY3GeeyM36KNWsu1BHpMeX6yXrw_ayQ-iw:1qBP3T:GoDzjXDvKlqRXaFoHKIo4HZp7dhxDN1R7PfxszRks8k','2023-07-04 00:17:07.682596');
/*!40000 ALTER TABLE `django_session` ENABLE KEYS */;
UNLOCK TABLES;

--
-- Table structure for table `django_site`
--

DROP TABLE IF EXISTS `django_site`;
/*!40101 SET @saved_cs_client     = @@character_set_client */;
/*!50503 SET character_set_client = utf8mb4 */;
CREATE TABLE `django_site` (
  `id` int NOT NULL AUTO_INCREMENT,
  `domain` varchar(100) NOT NULL,
  `name` varchar(50) NOT NULL,
  PRIMARY KEY (`id`),
  UNIQUE KEY `django_site_domain_a2e37b91_uniq` (`domain`)
) ENGINE=InnoDB AUTO_INCREMENT=2 DEFAULT CHARSET=utf8mb4 COLLATE=utf8mb4_0900_ai_ci;
/*!40101 SET character_set_client = @saved_cs_client */;

--
-- Dumping data for table `django_site`
--

LOCK TABLES `django_site` WRITE;
/*!40000 ALTER TABLE `django_site` DISABLE KEYS */;
INSERT INTO `django_site` VALUES (1,'example.com','example.com');
/*!40000 ALTER TABLE `django_site` ENABLE KEYS */;
UNLOCK TABLES;

--
-- Table structure for table `financeiro_contasareceber`
--

DROP TABLE IF EXISTS `financeiro_contasareceber`;
/*!40101 SET @saved_cs_client     = @@character_set_client */;
/*!50503 SET character_set_client = utf8mb4 */;
CREATE TABLE `financeiro_contasareceber` (
  `id` bigint NOT NULL AUTO_INCREMENT,
  `data_criacao` datetime(6) NOT NULL,
  `data_edicao` datetime(6) NOT NULL,
  `nome_contas_a_receber` varchar(90) NOT NULL,
  `preco_contas_a_receber` decimal(9,2) NOT NULL,
  `observacao` longtext,
  `cliente_id` bigint NOT NULL,
  `usuario_id` int NOT NULL,
  `data_vencimento` date DEFAULT NULL,
  `qtd_parcela` int DEFAULT NULL,
  `status` varchar(20) NOT NULL,
  `valor_entrada` decimal(9,2) DEFAULT NULL,
  PRIMARY KEY (`id`),
  KEY `financeiro_contasare_cliente_id_3e271493_fk_cliente_c` (`cliente_id`),
  KEY `financeiro_contasareceber_usuario_id_8c88158a_fk_auth_user_id` (`usuario_id`),
  CONSTRAINT `financeiro_contasare_cliente_id_3e271493_fk_cliente_c` FOREIGN KEY (`cliente_id`) REFERENCES `cliente_cliente` (`id`),
  CONSTRAINT `financeiro_contasareceber_usuario_id_8c88158a_fk_auth_user_id` FOREIGN KEY (`usuario_id`) REFERENCES `auth_user` (`id`)
) ENGINE=InnoDB DEFAULT CHARSET=utf8mb4 COLLATE=utf8mb4_0900_ai_ci;
/*!40101 SET character_set_client = @saved_cs_client */;

--
-- Dumping data for table `financeiro_contasareceber`
--

LOCK TABLES `financeiro_contasareceber` WRITE;
/*!40000 ALTER TABLE `financeiro_contasareceber` DISABLE KEYS */;
/*!40000 ALTER TABLE `financeiro_contasareceber` ENABLE KEYS */;
UNLOCK TABLES;

--
-- Table structure for table `fornecedor_fornecedores`
--

DROP TABLE IF EXISTS `fornecedor_fornecedores`;
/*!40101 SET @saved_cs_client     = @@character_set_client */;
/*!50503 SET character_set_client = utf8mb4 */;
CREATE TABLE `fornecedor_fornecedores` (
  `id` bigint NOT NULL AUTO_INCREMENT,
  `data_criacao` datetime(6) NOT NULL,
  `data_edicao` datetime(6) NOT NULL,
  `nome_fornecedor` varchar(90) NOT NULL,
  `cnpj` varchar(20) DEFAULT NULL,
  `telefone_contato` varchar(15) NOT NULL,
  `telefone_contato_2` varchar(15) DEFAULT NULL,
  `rua` varchar(99) DEFAULT NULL,
  `numero_casa` int DEFAULT NULL,
  `bairro` varchar(90) DEFAULT NULL,
  `observacao` longtext,
  `usuario_id` int NOT NULL,
  PRIMARY KEY (`id`),
  KEY `fornecedor_fornecedores_usuario_id_14fc32c6_fk_auth_user_id` (`usuario_id`),
  CONSTRAINT `fornecedor_fornecedores_usuario_id_14fc32c6_fk_auth_user_id` FOREIGN KEY (`usuario_id`) REFERENCES `auth_user` (`id`)
) ENGINE=InnoDB DEFAULT CHARSET=utf8mb4 COLLATE=utf8mb4_0900_ai_ci;
/*!40101 SET character_set_client = @saved_cs_client */;

--
-- Dumping data for table `fornecedor_fornecedores`
--

LOCK TABLES `fornecedor_fornecedores` WRITE;
/*!40000 ALTER TABLE `fornecedor_fornecedores` DISABLE KEYS */;
/*!40000 ALTER TABLE `fornecedor_fornecedores` ENABLE KEYS */;
UNLOCK TABLES;

--
-- Table structure for table `lanhouse_itemslanhouse`
--

DROP TABLE IF EXISTS `lanhouse_itemslanhouse`;
/*!40101 SET @saved_cs_client     = @@character_set_client */;
/*!50503 SET character_set_client = utf8mb4 */;
CREATE TABLE `lanhouse_itemslanhouse` (
  `id` bigint NOT NULL AUTO_INCREMENT,
  `quantidade` int NOT NULL,
  `preco` decimal(9,2) NOT NULL,
  `lanhouse_id` bigint DEFAULT NULL,
  `servico_id` bigint NOT NULL,
  PRIMARY KEY (`id`),
  KEY `lanhouse_itemslanhou_lanhouse_id_3cfe632e_fk_lanhouse_` (`lanhouse_id`),
  KEY `lanhouse_itemslanhou_servico_id_ef009978_fk_lanhouse_` (`servico_id`),
  CONSTRAINT `lanhouse_itemslanhou_lanhouse_id_3cfe632e_fk_lanhouse_` FOREIGN KEY (`lanhouse_id`) REFERENCES `lanhouse_lanhousemodel` (`id`),
  CONSTRAINT `lanhouse_itemslanhou_servico_id_ef009978_fk_lanhouse_` FOREIGN KEY (`servico_id`) REFERENCES `lanhouse_lanhouseservico` (`id`)
) ENGINE=InnoDB DEFAULT CHARSET=utf8mb4 COLLATE=utf8mb4_0900_ai_ci;
/*!40101 SET character_set_client = @saved_cs_client */;

--
-- Dumping data for table `lanhouse_itemslanhouse`
--

LOCK TABLES `lanhouse_itemslanhouse` WRITE;
/*!40000 ALTER TABLE `lanhouse_itemslanhouse` DISABLE KEYS */;
/*!40000 ALTER TABLE `lanhouse_itemslanhouse` ENABLE KEYS */;
UNLOCK TABLES;

--
-- Table structure for table `lanhouse_lanhousemodel`
--

DROP TABLE IF EXISTS `lanhouse_lanhousemodel`;
/*!40101 SET @saved_cs_client     = @@character_set_client */;
/*!50503 SET character_set_client = utf8mb4 */;
CREATE TABLE `lanhouse_lanhousemodel` (
  `id` bigint NOT NULL AUTO_INCREMENT,
  `data_criacao` datetime(6) NOT NULL,
  `data_edicao` datetime(6) NOT NULL,
  `desconto` decimal(9,2) DEFAULT NULL,
  `forma_pagamento` varchar(20) NOT NULL,
  `observacao` longtext,
  `data_vencimento` date DEFAULT NULL,
  `qtd_parcela` int DEFAULT NULL,
  `valor_entrada` decimal(9,2) DEFAULT NULL,
  `cliente_id` bigint NOT NULL,
  `usuario_id` int NOT NULL,
  `vendedor_id` bigint NOT NULL,
  PRIMARY KEY (`id`),
  KEY `lanhouse_lanhousemodel_cliente_id_fcd5f12f_fk_cliente_cliente_id` (`cliente_id`),
  KEY `lanhouse_lanhousemodel_usuario_id_ca855c45_fk_auth_user_id` (`usuario_id`),
  KEY `lanhouse_lanhousemod_vendedor_id_587bc8ba_fk_colaborad` (`vendedor_id`),
  CONSTRAINT `lanhouse_lanhousemod_vendedor_id_587bc8ba_fk_colaborad` FOREIGN KEY (`vendedor_id`) REFERENCES `colaborador_colaborador` (`id`),
  CONSTRAINT `lanhouse_lanhousemodel_cliente_id_fcd5f12f_fk_cliente_cliente_id` FOREIGN KEY (`cliente_id`) REFERENCES `cliente_cliente` (`id`),
  CONSTRAINT `lanhouse_lanhousemodel_usuario_id_ca855c45_fk_auth_user_id` FOREIGN KEY (`usuario_id`) REFERENCES `auth_user` (`id`)
) ENGINE=InnoDB DEFAULT CHARSET=utf8mb4 COLLATE=utf8mb4_0900_ai_ci;
/*!40101 SET character_set_client = @saved_cs_client */;

--
-- Dumping data for table `lanhouse_lanhousemodel`
--

LOCK TABLES `lanhouse_lanhousemodel` WRITE;
/*!40000 ALTER TABLE `lanhouse_lanhousemodel` DISABLE KEYS */;
/*!40000 ALTER TABLE `lanhouse_lanhousemodel` ENABLE KEYS */;
UNLOCK TABLES;

--
-- Table structure for table `lanhouse_lanhouseservico`
--

DROP TABLE IF EXISTS `lanhouse_lanhouseservico`;
/*!40101 SET @saved_cs_client     = @@character_set_client */;
/*!50503 SET character_set_client = utf8mb4 */;
CREATE TABLE `lanhouse_lanhouseservico` (
  `id` bigint NOT NULL AUTO_INCREMENT,
  `data_criacao` datetime(6) NOT NULL,
  `data_edicao` datetime(6) NOT NULL,
  `servico` varchar(90) NOT NULL,
  `preco_custo` decimal(9,2) NOT NULL,
  `preco` decimal(9,2) NOT NULL,
  `usuario_id` int NOT NULL,
  PRIMARY KEY (`id`),
  KEY `lanhouse_lanhouseservicos_usuario_id_7d60482c_fk_auth_user_id` (`usuario_id`),
  CONSTRAINT `lanhouse_lanhouseservicos_usuario_id_7d60482c_fk_auth_user_id` FOREIGN KEY (`usuario_id`) REFERENCES `auth_user` (`id`)
) ENGINE=InnoDB DEFAULT CHARSET=utf8mb4 COLLATE=utf8mb4_0900_ai_ci;
/*!40101 SET character_set_client = @saved_cs_client */;

--
-- Dumping data for table `lanhouse_lanhouseservico`
--

LOCK TABLES `lanhouse_lanhouseservico` WRITE;
/*!40000 ALTER TABLE `lanhouse_lanhouseservico` DISABLE KEYS */;
/*!40000 ALTER TABLE `lanhouse_lanhouseservico` ENABLE KEYS */;
UNLOCK TABLES;

--
-- Table structure for table `orcamento_itemsorcamento`
--

DROP TABLE IF EXISTS `orcamento_itemsorcamento`;
/*!40101 SET @saved_cs_client     = @@character_set_client */;
/*!50503 SET character_set_client = utf8mb4 */;
CREATE TABLE `orcamento_itemsorcamento` (
  `id` bigint NOT NULL AUTO_INCREMENT,
  `quantidade` int NOT NULL,
  `preco_orcamento` decimal(9,2) NOT NULL,
  `orcamento_id` bigint DEFAULT NULL,
  `peca_id` bigint NOT NULL,
  `servico_id` bigint DEFAULT NULL,
  PRIMARY KEY (`id`),
  KEY `orcamento_itemsorcam_orcamento_id_2e0f7de6_fk_orcamento` (`orcamento_id`),
  KEY `orcamento_itemsorcamento_peca_id_9918309c_fk_peca_pecas_id` (`peca_id`),
  KEY `orcamento_itemsorcam_servico_id_e120aa89_fk_orcamento` (`servico_id`),
  CONSTRAINT `orcamento_itemsorcam_orcamento_id_2e0f7de6_fk_orcamento` FOREIGN KEY (`orcamento_id`) REFERENCES `orcamento_orcamento` (`id`),
  CONSTRAINT `orcamento_itemsorcam_servico_id_e120aa89_fk_orcamento` FOREIGN KEY (`servico_id`) REFERENCES `orcamento_servico` (`id`),
  CONSTRAINT `orcamento_itemsorcamento_peca_id_9918309c_fk_peca_pecas_id` FOREIGN KEY (`peca_id`) REFERENCES `peca_pecas` (`id`)
) ENGINE=InnoDB DEFAULT CHARSET=utf8mb4 COLLATE=utf8mb4_0900_ai_ci;
/*!40101 SET character_set_client = @saved_cs_client */;

--
-- Dumping data for table `orcamento_itemsorcamento`
--

LOCK TABLES `orcamento_itemsorcamento` WRITE;
/*!40000 ALTER TABLE `orcamento_itemsorcamento` DISABLE KEYS */;
/*!40000 ALTER TABLE `orcamento_itemsorcamento` ENABLE KEYS */;
UNLOCK TABLES;

--
-- Table structure for table `orcamento_orcamento`
--

DROP TABLE IF EXISTS `orcamento_orcamento`;
/*!40101 SET @saved_cs_client     = @@character_set_client */;
/*!50503 SET character_set_client = utf8mb4 */;
CREATE TABLE `orcamento_orcamento` (
  `id` bigint NOT NULL AUTO_INCREMENT,
  `celular` varchar(90) NOT NULL,
  `data_entrega` date DEFAULT NULL,
  `data_criacao` datetime(6) NOT NULL,
  `data_edicao` datetime(6) NOT NULL,
  `status` varchar(21) NOT NULL,
  `observacao` longtext,
  `desconto` decimal(9,2) DEFAULT NULL,
  `forma_pagamento` varchar(21) NOT NULL,
  `data_vencimento` date DEFAULT NULL,
  `qtd_parcela` int DEFAULT NULL,
  `valor_entrada` decimal(9,2) DEFAULT NULL,
  `cliente_id` bigint NOT NULL,
  `tecnico_id` bigint NOT NULL,
  `usuario_id` int NOT NULL,
  PRIMARY KEY (`id`),
  KEY `orcamento_orcamento_cliente_id_400e556c_fk_cliente_cliente_id` (`cliente_id`),
  KEY `orcamento_orcamento_tecnico_id_0c17c2ef_fk_colaborad` (`tecnico_id`),
  KEY `orcamento_orcamento_usuario_id_88985bc6_fk_auth_user_id` (`usuario_id`),
  CONSTRAINT `orcamento_orcamento_cliente_id_400e556c_fk_cliente_cliente_id` FOREIGN KEY (`cliente_id`) REFERENCES `cliente_cliente` (`id`),
  CONSTRAINT `orcamento_orcamento_tecnico_id_0c17c2ef_fk_colaborad` FOREIGN KEY (`tecnico_id`) REFERENCES `colaborador_colaborador` (`id`),
  CONSTRAINT `orcamento_orcamento_usuario_id_88985bc6_fk_auth_user_id` FOREIGN KEY (`usuario_id`) REFERENCES `auth_user` (`id`)
) ENGINE=InnoDB DEFAULT CHARSET=utf8mb4 COLLATE=utf8mb4_0900_ai_ci;
/*!40101 SET character_set_client = @saved_cs_client */;

--
-- Dumping data for table `orcamento_orcamento`
--

LOCK TABLES `orcamento_orcamento` WRITE;
/*!40000 ALTER TABLE `orcamento_orcamento` DISABLE KEYS */;
/*!40000 ALTER TABLE `orcamento_orcamento` ENABLE KEYS */;
UNLOCK TABLES;

--
-- Table structure for table `orcamento_servico`
--

DROP TABLE IF EXISTS `orcamento_servico`;
/*!40101 SET @saved_cs_client     = @@character_set_client */;
/*!50503 SET character_set_client = utf8mb4 */;
CREATE TABLE `orcamento_servico` (
  `id` bigint NOT NULL AUTO_INCREMENT,
  `servico` varchar(100) NOT NULL,
  `usuario_id` int NOT NULL,
  PRIMARY KEY (`id`),
  KEY `orcamento_servico_usuario_id_a859f515_fk_auth_user_id` (`usuario_id`),
  CONSTRAINT `orcamento_servico_usuario_id_a859f515_fk_auth_user_id` FOREIGN KEY (`usuario_id`) REFERENCES `auth_user` (`id`)
) ENGINE=InnoDB DEFAULT CHARSET=utf8mb4 COLLATE=utf8mb4_0900_ai_ci;
/*!40101 SET character_set_client = @saved_cs_client */;

--
-- Dumping data for table `orcamento_servico`
--

LOCK TABLES `orcamento_servico` WRITE;
/*!40000 ALTER TABLE `orcamento_servico` DISABLE KEYS */;
/*!40000 ALTER TABLE `orcamento_servico` ENABLE KEYS */;
UNLOCK TABLES;

--
-- Table structure for table `peca_pecas`
--

DROP TABLE IF EXISTS `peca_pecas`;
/*!40101 SET @saved_cs_client     = @@character_set_client */;
/*!50503 SET character_set_client = utf8mb4 */;
CREATE TABLE `peca_pecas` (
  `id` bigint NOT NULL AUTO_INCREMENT,
  `data_criacao` datetime(6) NOT NULL,
  `data_edicao` datetime(6) NOT NULL,
  `nome_peca` varchar(99) NOT NULL,
  `preco_peca` decimal(9,2) NOT NULL,
  `categoria_peca` varchar(2) DEFAULT NULL,
  `quantidade` int NOT NULL,
  `codigo_de_barras` int DEFAULT NULL,
  `preco_de_custo` decimal(9,2) NOT NULL,
  `forma_pagamento` varchar(21) NOT NULL,
  `observacao` longtext,
  `fornecedor_id` bigint DEFAULT NULL,
  `usuario_id` int NOT NULL,
  `qtd_parcela` int DEFAULT NULL,
  `valor_entrada` decimal(9,2) DEFAULT NULL,
  `data_vencimento` date DEFAULT NULL,
  PRIMARY KEY (`id`),
  KEY `peca_pecas_fornecedor_id_146382dd_fk_fornecedor_fornecedores_id` (`fornecedor_id`),
  KEY `peca_pecas_usuario_id_6f44deee_fk_auth_user_id` (`usuario_id`),
  CONSTRAINT `peca_pecas_fornecedor_id_146382dd_fk_fornecedor_fornecedores_id` FOREIGN KEY (`fornecedor_id`) REFERENCES `fornecedor_fornecedores` (`id`),
  CONSTRAINT `peca_pecas_usuario_id_6f44deee_fk_auth_user_id` FOREIGN KEY (`usuario_id`) REFERENCES `auth_user` (`id`)
) ENGINE=InnoDB DEFAULT CHARSET=utf8mb4 COLLATE=utf8mb4_0900_ai_ci;
/*!40101 SET character_set_client = @saved_cs_client */;

--
-- Dumping data for table `peca_pecas`
--

LOCK TABLES `peca_pecas` WRITE;
/*!40000 ALTER TABLE `peca_pecas` DISABLE KEYS */;
/*!40000 ALTER TABLE `peca_pecas` ENABLE KEYS */;
UNLOCK TABLES;

--
-- Table structure for table `pedido_pedido`
--

DROP TABLE IF EXISTS `pedido_pedido`;
/*!40101 SET @saved_cs_client     = @@character_set_client */;
/*!50503 SET character_set_client = utf8mb4 */;
CREATE TABLE `pedido_pedido` (
  `id` bigint NOT NULL AUTO_INCREMENT,
  `data_criacao` datetime(6) NOT NULL,
  `data_edicao` datetime(6) NOT NULL,
  `produto` varchar(100) NOT NULL,
  `valor_produto` decimal(9,2) NOT NULL,
  `data_entrega` date NOT NULL,
  `valor_pago` decimal(9,2) NOT NULL,
  `observacao` longtext,
  `status` varchar(20) NOT NULL,
  `cliente_id` bigint NOT NULL,
  `usuario_id` int NOT NULL,
  PRIMARY KEY (`id`),
  KEY `pedido_pedido_cliente_id_4f20d09c_fk_cliente_cliente_id` (`cliente_id`),
  KEY `pedido_pedido_usuario_id_00e3febe_fk_auth_user_id` (`usuario_id`),
  CONSTRAINT `pedido_pedido_cliente_id_4f20d09c_fk_cliente_cliente_id` FOREIGN KEY (`cliente_id`) REFERENCES `cliente_cliente` (`id`),
  CONSTRAINT `pedido_pedido_usuario_id_00e3febe_fk_auth_user_id` FOREIGN KEY (`usuario_id`) REFERENCES `auth_user` (`id`)
) ENGINE=InnoDB DEFAULT CHARSET=utf8mb4 COLLATE=utf8mb4_0900_ai_ci;
/*!40101 SET character_set_client = @saved_cs_client */;

--
-- Dumping data for table `pedido_pedido`
--

LOCK TABLES `pedido_pedido` WRITE;
/*!40000 ALTER TABLE `pedido_pedido` DISABLE KEYS */;
/*!40000 ALTER TABLE `pedido_pedido` ENABLE KEYS */;
UNLOCK TABLES;

--
-- Table structure for table `produto_produto`
--

DROP TABLE IF EXISTS `produto_produto`;
/*!40101 SET @saved_cs_client     = @@character_set_client */;
/*!50503 SET character_set_client = utf8mb4 */;
CREATE TABLE `produto_produto` (
  `id` bigint NOT NULL AUTO_INCREMENT,
  `data_criacao` datetime(6) NOT NULL,
  `data_edicao` datetime(6) NOT NULL,
  `nome_produto` varchar(99) NOT NULL,
  `categoria_produtos` varchar(20) DEFAULT NULL,
  `quantidade` int NOT NULL,
  `codigo_de_barras` int DEFAULT NULL,
  `preco_de_custo` decimal(9,2) NOT NULL,
  `preco` decimal(9,2) NOT NULL,
  `forma_pagamento` varchar(21) NOT NULL,
  `observacao` longtext,
  `data_vencimento` date DEFAULT NULL,
  `qtd_parcela` int DEFAULT NULL,
  `valor_entrada` decimal(9,2) DEFAULT NULL,
  `fornecedor_id` bigint DEFAULT NULL,
  `usuario_id` int NOT NULL,
  PRIMARY KEY (`id`),
  KEY `produto_produto_fornecedor_id_51ed964b_fk_fornecedo` (`fornecedor_id`),
  KEY `produto_produto_usuario_id_53ec3231_fk_auth_user_id` (`usuario_id`),
  CONSTRAINT `produto_produto_fornecedor_id_51ed964b_fk_fornecedo` FOREIGN KEY (`fornecedor_id`) REFERENCES `fornecedor_fornecedores` (`id`),
  CONSTRAINT `produto_produto_usuario_id_53ec3231_fk_auth_user_id` FOREIGN KEY (`usuario_id`) REFERENCES `auth_user` (`id`)
) ENGINE=InnoDB DEFAULT CHARSET=utf8mb4 COLLATE=utf8mb4_0900_ai_ci;
/*!40101 SET character_set_client = @saved_cs_client */;

--
-- Dumping data for table `produto_produto`
--

LOCK TABLES `produto_produto` WRITE;
/*!40000 ALTER TABLE `produto_produto` DISABLE KEYS */;
/*!40000 ALTER TABLE `produto_produto` ENABLE KEYS */;
UNLOCK TABLES;

--
-- Table structure for table `socialaccount_socialaccount`
--

DROP TABLE IF EXISTS `socialaccount_socialaccount`;
/*!40101 SET @saved_cs_client     = @@character_set_client */;
/*!50503 SET character_set_client = utf8mb4 */;
CREATE TABLE `socialaccount_socialaccount` (
  `id` int NOT NULL AUTO_INCREMENT,
  `provider` varchar(30) NOT NULL,
  `uid` varchar(191) NOT NULL,
  `last_login` datetime(6) NOT NULL,
  `date_joined` datetime(6) NOT NULL,
  `extra_data` longtext NOT NULL,
  `user_id` int NOT NULL,
  PRIMARY KEY (`id`),
  UNIQUE KEY `socialaccount_socialaccount_provider_uid_fc810c6e_uniq` (`provider`,`uid`),
  KEY `socialaccount_socialaccount_user_id_8146e70c_fk_auth_user_id` (`user_id`),
  CONSTRAINT `socialaccount_socialaccount_user_id_8146e70c_fk_auth_user_id` FOREIGN KEY (`user_id`) REFERENCES `auth_user` (`id`)
) ENGINE=InnoDB DEFAULT CHARSET=utf8mb4 COLLATE=utf8mb4_0900_ai_ci;
/*!40101 SET character_set_client = @saved_cs_client */;

--
-- Dumping data for table `socialaccount_socialaccount`
--

LOCK TABLES `socialaccount_socialaccount` WRITE;
/*!40000 ALTER TABLE `socialaccount_socialaccount` DISABLE KEYS */;
/*!40000 ALTER TABLE `socialaccount_socialaccount` ENABLE KEYS */;
UNLOCK TABLES;

--
-- Table structure for table `socialaccount_socialapp`
--

DROP TABLE IF EXISTS `socialaccount_socialapp`;
/*!40101 SET @saved_cs_client     = @@character_set_client */;
/*!50503 SET character_set_client = utf8mb4 */;
CREATE TABLE `socialaccount_socialapp` (
  `id` int NOT NULL AUTO_INCREMENT,
  `provider` varchar(30) NOT NULL,
  `name` varchar(40) NOT NULL,
  `client_id` varchar(191) NOT NULL,
  `secret` varchar(191) NOT NULL,
  `key` varchar(191) NOT NULL,
  PRIMARY KEY (`id`)
) ENGINE=InnoDB DEFAULT CHARSET=utf8mb4 COLLATE=utf8mb4_0900_ai_ci;
/*!40101 SET character_set_client = @saved_cs_client */;

--
-- Dumping data for table `socialaccount_socialapp`
--

LOCK TABLES `socialaccount_socialapp` WRITE;
/*!40000 ALTER TABLE `socialaccount_socialapp` DISABLE KEYS */;
/*!40000 ALTER TABLE `socialaccount_socialapp` ENABLE KEYS */;
UNLOCK TABLES;

--
-- Table structure for table `socialaccount_socialapp_sites`
--

DROP TABLE IF EXISTS `socialaccount_socialapp_sites`;
/*!40101 SET @saved_cs_client     = @@character_set_client */;
/*!50503 SET character_set_client = utf8mb4 */;
CREATE TABLE `socialaccount_socialapp_sites` (
  `id` bigint NOT NULL AUTO_INCREMENT,
  `socialapp_id` int NOT NULL,
  `site_id` int NOT NULL,
  PRIMARY KEY (`id`),
  UNIQUE KEY `socialaccount_socialapp_sites_socialapp_id_site_id_71a9a768_uniq` (`socialapp_id`,`site_id`),
  KEY `socialaccount_socialapp_sites_site_id_2579dee5_fk_django_site_id` (`site_id`),
  CONSTRAINT `socialaccount_social_socialapp_id_97fb6e7d_fk_socialacc` FOREIGN KEY (`socialapp_id`) REFERENCES `socialaccount_socialapp` (`id`),
  CONSTRAINT `socialaccount_socialapp_sites_site_id_2579dee5_fk_django_site_id` FOREIGN KEY (`site_id`) REFERENCES `django_site` (`id`)
) ENGINE=InnoDB DEFAULT CHARSET=utf8mb4 COLLATE=utf8mb4_0900_ai_ci;
/*!40101 SET character_set_client = @saved_cs_client */;

--
-- Dumping data for table `socialaccount_socialapp_sites`
--

LOCK TABLES `socialaccount_socialapp_sites` WRITE;
/*!40000 ALTER TABLE `socialaccount_socialapp_sites` DISABLE KEYS */;
/*!40000 ALTER TABLE `socialaccount_socialapp_sites` ENABLE KEYS */;
UNLOCK TABLES;

--
-- Table structure for table `socialaccount_socialtoken`
--

DROP TABLE IF EXISTS `socialaccount_socialtoken`;
/*!40101 SET @saved_cs_client     = @@character_set_client */;
/*!50503 SET character_set_client = utf8mb4 */;
CREATE TABLE `socialaccount_socialtoken` (
  `id` int NOT NULL AUTO_INCREMENT,
  `token` longtext NOT NULL,
  `token_secret` longtext NOT NULL,
  `expires_at` datetime(6) DEFAULT NULL,
  `account_id` int NOT NULL,
  `app_id` int NOT NULL,
  PRIMARY KEY (`id`),
  UNIQUE KEY `socialaccount_socialtoken_app_id_account_id_fca4e0ac_uniq` (`app_id`,`account_id`),
  KEY `socialaccount_social_account_id_951f210e_fk_socialacc` (`account_id`),
  CONSTRAINT `socialaccount_social_account_id_951f210e_fk_socialacc` FOREIGN KEY (`account_id`) REFERENCES `socialaccount_socialaccount` (`id`),
  CONSTRAINT `socialaccount_social_app_id_636a42d7_fk_socialacc` FOREIGN KEY (`app_id`) REFERENCES `socialaccount_socialapp` (`id`)
) ENGINE=InnoDB DEFAULT CHARSET=utf8mb4 COLLATE=utf8mb4_0900_ai_ci;
/*!40101 SET character_set_client = @saved_cs_client */;

--
-- Dumping data for table `socialaccount_socialtoken`
--

LOCK TABLES `socialaccount_socialtoken` WRITE;
/*!40000 ALTER TABLE `socialaccount_socialtoken` DISABLE KEYS */;
/*!40000 ALTER TABLE `socialaccount_socialtoken` ENABLE KEYS */;
UNLOCK TABLES;

--
-- Table structure for table `suporte_suporte`
--

DROP TABLE IF EXISTS `suporte_suporte`;
/*!40101 SET @saved_cs_client     = @@character_set_client */;
/*!50503 SET character_set_client = utf8mb4 */;
CREATE TABLE `suporte_suporte` (
  `id` bigint NOT NULL AUTO_INCREMENT,
  `data_criacao` datetime(6) NOT NULL,
  `mensagem` longtext NOT NULL,
  `usuario_id` int NOT NULL,
  PRIMARY KEY (`id`),
  KEY `suporte_suporte_usuario_id_33d7dfbd_fk_auth_user_id` (`usuario_id`),
  CONSTRAINT `suporte_suporte_usuario_id_33d7dfbd_fk_auth_user_id` FOREIGN KEY (`usuario_id`) REFERENCES `auth_user` (`id`)
) ENGINE=InnoDB DEFAULT CHARSET=utf8mb4 COLLATE=utf8mb4_0900_ai_ci;
/*!40101 SET character_set_client = @saved_cs_client */;

--
-- Dumping data for table `suporte_suporte`
--

LOCK TABLES `suporte_suporte` WRITE;
/*!40000 ALTER TABLE `suporte_suporte` DISABLE KEYS */;
/*!40000 ALTER TABLE `suporte_suporte` ENABLE KEYS */;
UNLOCK TABLES;

--
-- Table structure for table `venda_itemsvenda`
--

DROP TABLE IF EXISTS `venda_itemsvenda`;
/*!40101 SET @saved_cs_client     = @@character_set_client */;
/*!50503 SET character_set_client = utf8mb4 */;
CREATE TABLE `venda_itemsvenda` (
  `id` bigint NOT NULL AUTO_INCREMENT,
  `quantidade` int NOT NULL,
  `preco` decimal(9,2) NOT NULL,
  `produto_id` bigint NOT NULL,
  `vendas_id` bigint DEFAULT NULL,
  PRIMARY KEY (`id`),
  KEY `venda_itemsvenda_produto_id_2187d91d_fk_produto_produto_id` (`produto_id`),
  KEY `venda_itemsvenda_vendas_id_47ee26fb_fk_venda_vendas_id` (`vendas_id`),
  CONSTRAINT `venda_itemsvenda_produto_id_2187d91d_fk_produto_produto_id` FOREIGN KEY (`produto_id`) REFERENCES `produto_produto` (`id`),
  CONSTRAINT `venda_itemsvenda_vendas_id_47ee26fb_fk_venda_vendas_id` FOREIGN KEY (`vendas_id`) REFERENCES `venda_vendas` (`id`)
) ENGINE=InnoDB DEFAULT CHARSET=utf8mb4 COLLATE=utf8mb4_0900_ai_ci;
/*!40101 SET character_set_client = @saved_cs_client */;

--
-- Dumping data for table `venda_itemsvenda`
--

LOCK TABLES `venda_itemsvenda` WRITE;
/*!40000 ALTER TABLE `venda_itemsvenda` DISABLE KEYS */;
/*!40000 ALTER TABLE `venda_itemsvenda` ENABLE KEYS */;
UNLOCK TABLES;

--
-- Table structure for table `venda_vendas`
--

DROP TABLE IF EXISTS `venda_vendas`;
/*!40101 SET @saved_cs_client     = @@character_set_client */;
/*!50503 SET character_set_client = utf8mb4 */;
CREATE TABLE `venda_vendas` (
  `id` bigint NOT NULL AUTO_INCREMENT,
  `data_criacao` datetime(6) NOT NULL,
  `data_edicao` datetime(6) NOT NULL,
  `desconto` decimal(9,2) DEFAULT NULL,
  `forma_pagamento` varchar(20) NOT NULL,
  `observacao` longtext,
  `status` varchar(20) NOT NULL,
  `data_vencimento` date DEFAULT NULL,
  `qtd_parcela` int DEFAULT NULL,
  `valor_entrada` decimal(9,2) DEFAULT NULL,
  `cliente_id` bigint NOT NULL,
  `usuario_id` int NOT NULL,
  `vendedor_id` bigint NOT NULL,
  PRIMARY KEY (`id`),
  KEY `venda_vendas_cliente_id_78513c48_fk_cliente_cliente_id` (`cliente_id`),
  KEY `venda_vendas_usuario_id_67727bb7_fk_auth_user_id` (`usuario_id`),
  KEY `venda_vendas_vendedor_id_60897bc2_fk_colaborador_colaborador_id` (`vendedor_id`),
  CONSTRAINT `venda_vendas_cliente_id_78513c48_fk_cliente_cliente_id` FOREIGN KEY (`cliente_id`) REFERENCES `cliente_cliente` (`id`),
  CONSTRAINT `venda_vendas_usuario_id_67727bb7_fk_auth_user_id` FOREIGN KEY (`usuario_id`) REFERENCES `auth_user` (`id`),
  CONSTRAINT `venda_vendas_vendedor_id_60897bc2_fk_colaborador_colaborador_id` FOREIGN KEY (`vendedor_id`) REFERENCES `colaborador_colaborador` (`id`)
) ENGINE=InnoDB DEFAULT CHARSET=utf8mb4 COLLATE=utf8mb4_0900_ai_ci;
/*!40101 SET character_set_client = @saved_cs_client */;

--
-- Dumping data for table `venda_vendas`
--

LOCK TABLES `venda_vendas` WRITE;
/*!40000 ALTER TABLE `venda_vendas` DISABLE KEYS */;
/*!40000 ALTER TABLE `venda_vendas` ENABLE KEYS */;
UNLOCK TABLES;

--
-- Table structure for table `votacao_app_emailconfirmacao`
--

DROP TABLE IF EXISTS `votacao_app_emailconfirmacao`;
/*!40101 SET @saved_cs_client     = @@character_set_client */;
/*!50503 SET character_set_client = utf8mb4 */;
CREATE TABLE `votacao_app_emailconfirmacao` (
  `id` bigint NOT NULL AUTO_INCREMENT,
  `emails` varchar(200) NOT NULL,
  PRIMARY KEY (`id`)
) ENGINE=InnoDB AUTO_INCREMENT=3 DEFAULT CHARSET=utf8mb4 COLLATE=utf8mb4_0900_ai_ci;
/*!40101 SET character_set_client = @saved_cs_client */;

--
-- Dumping data for table `votacao_app_emailconfirmacao`
--

LOCK TABLES `votacao_app_emailconfirmacao` WRITE;
/*!40000 ALTER TABLE `votacao_app_emailconfirmacao` DISABLE KEYS */;
INSERT INTO `votacao_app_emailconfirmacao` VALUES (1,'dhrds1996@gmail.com'),(2,'dhrds1996@gmail.com1');
/*!40000 ALTER TABLE `votacao_app_emailconfirmacao` ENABLE KEYS */;
UNLOCK TABLES;

--
-- Table structure for table `votacao_app_validacao`
--

DROP TABLE IF EXISTS `votacao_app_validacao`;
/*!40101 SET @saved_cs_client     = @@character_set_client */;
/*!50503 SET character_set_client = utf8mb4 */;
CREATE TABLE `votacao_app_validacao` (
  `id` bigint NOT NULL AUTO_INCREMENT,
  `email` varchar(200) NOT NULL,
  `codido` varchar(4) NOT NULL,
  `emails` varchar(200) NOT NULL,
  PRIMARY KEY (`id`)
) ENGINE=InnoDB AUTO_INCREMENT=4 DEFAULT CHARSET=utf8mb4 COLLATE=utf8mb4_0900_ai_ci;
/*!40101 SET character_set_client = @saved_cs_client */;

--
-- Dumping data for table `votacao_app_validacao`
--

LOCK TABLES `votacao_app_validacao` WRITE;
/*!40000 ALTER TABLE `votacao_app_validacao` DISABLE KEYS */;
INSERT INTO `votacao_app_validacao` VALUES (1,'asd@asd.com','0000','asd@gmail.com'),(2,'asdf@asdf.com','0000','asdf@gmail.com'),(3,'dhrds1996@gmail.com','0000','dhrds1996@gmail.com');
/*!40000 ALTER TABLE `votacao_app_validacao` ENABLE KEYS */;
UNLOCK TABLES;
/*!40103 SET TIME_ZONE=@OLD_TIME_ZONE */;

/*!40101 SET SQL_MODE=@OLD_SQL_MODE */;
/*!40014 SET FOREIGN_KEY_CHECKS=@OLD_FOREIGN_KEY_CHECKS */;
/*!40014 SET UNIQUE_CHECKS=@OLD_UNIQUE_CHECKS */;
/*!40101 SET CHARACTER_SET_CLIENT=@OLD_CHARACTER_SET_CLIENT */;
/*!40101 SET CHARACTER_SET_RESULTS=@OLD_CHARACTER_SET_RESULTS */;
/*!40101 SET COLLATION_CONNECTION=@OLD_COLLATION_CONNECTION */;
/*!40111 SET SQL_NOTES=@OLD_SQL_NOTES */;

-- Dump completed on 2023-06-25 10:25:34
